Entertainment,Fast Food,Gas,Car,Groceries,Household Items,Self Improvement,Investment,Utilities,Charity
SPOTIFY,A&W RESTAURANTS,COSTCO GAS,AUTOZONE,SAFEWAY,BED,HELPCOURSER,ROBINHOOD,PG&E,GIVING FUND
PRIME VIDEO,APPLEBEE'S,CHEVRON,SMOG,TARGET,BATH,UDEMY,,,
GOOGLE YOUTUBE,ARBY'S,ROTTEN ROBBIE,METER MTA,COSTCO WHSE,IKEA,,,,
PLAYSTATIONNETWORK,SALT & STRAW,SHELL,,TRADER JOE'S,,,,,
,ARCTIC CIRCLE RESTAURANTS,,,OAKWOOD MARKET,,,,,
,ARTHUR TREACHER'S,,,,,,,,
,ATLANTA BREAD COMPANY,,,,,,,,
,AU BON PAIN,,,,,,,,
,AUNTIE ANNE'S,,,,,,,,
,BAJA FRESH,,,,,,,,
,BASKIN-ROBBINS,,,,,,,,
,BLIMPIE,,,,,,,,
,BOJANGLES' FAMOUS CHICKEN 'N BISCUITS,,,,,,,,
,BOSTON MARKET,,,,,,,,
,BRAUM'S,,,,,,,,
,BUFFALO WILD WINGS,,,,,,,,
,BURGER CHEF,,,,,,,,
,BURGER KING,,,,,,,,
,BURGER STREET,,,,,,,,
,BURGERVILLE,,,,,,,,
,CALIFORNIA PIZZA KITCHEN,,,,,,,,
,CAPTAIN D'S SEAFOOD KITCHEN,,,,,,,,
,CARINO'S ITALIAN GRILL,,,,,,,,
,CHARLEYS PHILLY STEAKS,,,,,,,,
,CHECKERS,,,,,,,,
,RALLY'S,,,,,,,,
,CHEEBURGER CHEEBURGER,,,,,,,,
,CHICKEN EXPRESS,,,,,,,,
,CHICK-FIL-A,,,,,,,,
,CHIPOTLE,,,,,,,,
,CHUCK-A-RAMA,,,,,,,,
,CHUCK E. CHEESE,,,,,,,,
,CHURCH'S CHICKEN,,,,,,,,
,TEXAS CHICKEN,,,,,,,,
,CINNABON,,,,,,,,
,COCO'S BAKERY,,,,,,,,
,COLD STONE CREAMERY,,,,,,,,
,COOK OUT,,,,,,,,
,CULVER'S,,,,,,,,
,DAIRY QUEEN,,,,,,,,
,DENNY'S,,,,,,,,
,DEL TACO,,,,,,,,
,DIBELLA'S,,,,,,,,
,DIXIE CHILI AND DELI,,,,,,,,
,DOMINO'S,,,,,,,,
,DRUTHER'S,,,,,,,,
,DUCHESS,,,,,,,,
,DUCK DONUTS,,,,,,,,
,DUNKIN' DONUTS,,,,,,,,
,EEGEE'S,,,,,,,,
,EL CHICO,,,,,,,,
,EL POLLO LOCO,,,,,,,,
,EL TACO TOTE,,,,,,,,
,ELEVATION BURGER,,,,,,,,
,FARMER BOYS,,,,,,,,
,FATBURGER,,,,,,,,
,FIREHOUSE SUBS,,,,,,,,
,FIVE GUYS BURGERS AND FRIES,,,,,,,,
,FOSTERS FREEZE,,,,,,,,
,FREDDY'S FROZEN CUSTARD & STEAKBURGERS,,,,,,,,
,GOLD STAR CHILI,,,,,,,,
,GOLDEN CHICK,,,,,,,,
,GOOD TIMES BURGERS & FROZEN CUSTARD,,,,,,,,
,GREEN BURRITO,,,,,,,,
,RED BURRITO,,,,,,,,
,THE HABIT BURGER GRILL,,,,,,,,
,THE HALAL GUYS,,,,,,,,
,HARDEE'S,,,,,,,,
,HUDDLE HOUSE,,,,,,,,
,IHOP,,,,,,,,
,IN-N-OUT BURGER,,,,,,,,
,JACK IN THE BOX,,,,,,,,
,JACK'S,,,,,,,,
,JAMBA JUICE,,,,,,,,
,JASON'S DELI,,,,,,,,
,JERSEY MIKE'S SUBS,,,,,,,,
,JIMMY JOHN'S,,,,,,,,
,JIM'S RESTAURANTS,,,,,,,,
,JOHNNY ROCKETS,,,,,,,,
,KFC,,,,,,,,
,KEWPEE,,,,,,,,
,KRISPY KREME,,,,,,,,
,KRYSTAL,,,,,,,,
,L&L HAWAIIAN BARBECUE,,,,,,,,
,LEE ROY SELMON'S,,,,,,,,
,LEE'S FAMOUS RECIPE CHICKEN,,,,,,,,
,LION'S CHOICE,,,,,,,,
,LITTLE CAESARS,,,,,,,,
,LONG JOHN SILVER'S,,,,,,,,
,MAID-RITE,,,,,,,,
,MARCO'S PIZZA,,,,,,,,
,MCALISTER'S DELI,,,,,,,,
,MCDONALD'S,,,,,,,,
,MILO'S HAMBURGERS,,,,,,,,
,MOD PIZZA,,,,,,,,
,MOE'S SOUTHWEST GRILL,,,,,,,,
,MOOYAH,,,,,,,,
,MRS. FIELDS,,,,,,,,
,MRS. WINNER'S CHICKEN & BISCUITS,,,,,,,,
,NAUGLES,,,,,,,,
,NOODLES AND COMPANY,,,,,,,,
,PANERA BREAD,,,,,,,,
,PANDA EXPRESS,,,,,,,,
,PAPA JOHN'S,,,,,,,,
,PAPA MURPHY'S,,,,,,,,
,PENN STATION EAST COAST SUBS,,,,,,,,
,PF CHANG'S,,,,,,,,
,PITA PIT,,,,,,,,
,PIZZA HUT,,,,,,,,
,PIZZA INN,,,,,,,,
,POLLO TROPICAL,,,,,,,,
,POPEYES CHICKEN & BISCUITS,,,,,,,,
,PORT OF SUBS,,,,,,,,
,POTBELLY SANDWICH WORKS,,,,,,,,
,QDOBA,,,,,,,,
,QUIZNO'S CLASSIC SUBS,,,,,,,,
,RAISING CANE'S CHICKEN FINGERS,,,,,,,,
,RAX,,,,,,,,
,RED LOBSTER,,,,,,,,
,ROBEKS,,,,,,,,
,ROY ROGERS RESTAURANTS,,,,,,,,
,RUBY TUESDAY,,,,,,,,
,SALADWORKS,,,,,,,,
,SBARRO,,,,,,,,
,SCHLOTZSKY'S,,,,,,,,
,SEATTLE'S BEST COFFEE,,,,,,,,
,SHAKE SHACK,,,,,,,,
,SKYLINE CHILI,,,,,,,,
,SMASHBURGER,,,,,,,,
,SNEAKY PETE'S,,,,,,,,
,SONIC DRIVE-IN,,,,,,,,
,SPANGLES,,,,,,,,
,STARBUCKS,,,,,,,,
,STEAK ESCAPE,,,,,,,,
,STEAK 'N SHAKE,,,,,,,,
,STIR CRAZY,,,,,,,,
,SUBWAY,,,,,,,,
,SWENSEN'S,,,,,,,,
,SWENSONS,,,,,,,,
,TACO BELL,,,,,,,,
,TACO BUENO,,,,,,,,
,TACO CABANA,,,,,,,,
,TACO JOHN'S,,,,,,,,
,TACO MAYO,,,,,,,,
,TACO TICO,,,,,,,,
,TACO TIME,,,,,,,,
,TIM HORTONS,,,,,,,,
,TUDOR'S BISCUIT WORLD,,,,,,,,
,TWIN PEAKS,,,,,,,,
,UMAMI BURGER,,,,,,,,
,WENDY'S,,,,,,,,
,WETZEL'S PRETZELS,,,,,,,,
,WHATABURGER,,,,,,,,
,WHITE CASTLE,,,,,,,,
,WIENERSCHNITZEL,,,,,,,,
,WIMPY,,,,,,,,
,WINGSTOP,,,,,,,,
,ZAXBY'S,,,,,,,,
,ZIPPY'S,,,,,,,,
,WENDY'S,,,,,,,,
,PIZZA,,,,,,,,
,HAWAIIAN,,,,,,,,
,TAQUERIA,,,,,,,,
,BACK A YARD,,,,,,,,
,DOORDASH,,,,,,,,
,CARLS JR,,,,,,,,
,SAJJ,,,,,,,,
,FIVE GUYS,,,,,,,,
,BAKERY,,,,,,,,
,GRUBHUB,,,,,,,,